Main ID,Incident ID,Incident Type,Region of Incident,Incident Date,Incident Year,Month,Number of Dead,Minimum Estimated Number of Missing,Total Number of Dead and Missing,Number of Survivors,Number of Females,Number of Males,Number of Children,Country of Origin,Region of Origin,Cause of Death,Country of Incident,Migration Route,Location of Incident,Coordinates,UNSD Geographical Grouping,Information Source,URL,Source Quality,DistanceFromCapital
2024.MMP0001,2024.MMP0001,Incident,Central America,2024/1/1,2024,January,1,,1,2,,,1,Venezuela (Bolivarian Republic of),South America,Vehicle accident / death linked to hazardous transport,Mexico,,"Train tracks by Arroyo San Miguel, close to Buena Vista, El Carmen municipality, Nuevo León, Mexico","25.86259868, -100.3500231",Central America,"Sin Embargo, Lopez Doriga",https://archive.ph/RszVj,3,3909.654356
2024.MMP0002,2024.MMP0002,Incident,Central America,2024/1/2,2024,January,1,,1,5,1,,,Honduras,Central America,Vehicle accident / death linked to hazardous transport,Mexico,US-Mexico border crossing,"San Juanero bridge in La Tembladora, around 55km south of Piedras Negras, Coahuila, Mexico","28.31004128, -100.9030462",Central America,"El Heraldo Honduras, El Diario de Coahuila",https://archive.ph/ieAAb,3,2120.315679
2024.MMP0010,2024.MMP0010,Incident,Central America,2024/1/7,2024,January,1,,1,,,1,,Mexico,Central America,Drowning,Mexico,US-Mexico border crossing,"Near border wall off the beach of Playas de Tijuana, Baja California, Mexico","32.534262, -117.124671",Central America,Telemundo 20,https://archive.ph/1Nbg0,1,1480
2024.MMP0011,2024.MMP0011,Incident,Central America,2024/1/12,2024,January,3,,3,2,1,,2,Mexico,Central America,Drowning,Mexico,US-Mexico border crossing,"Rio Bravo near Piedras Negras, Coahuila, Mexico, attempting to area near Shelby Park, Eagle Pass, Texas, USA","28.70741232, -100.512153",Central America,"Mexican Consulate in Eagle Pass, Texas, Henry Cuellar US Congressman",https://web.archive.org/web/20240115124013/https://www.gob.mx/sre/prensa/el-consulado-de-mexico-en-eagle-pass-da-seguimiento-ante-el-fallecimiento-de-tres-mexicanos-ahogados-en-el-rio-bravo,5,1036.780599
2024.MMP0017,2024.MMP0017,Incident,Central America,2024/1/11,2024,January,1,,1,,,1,,Haiti,Caribbean,Sickness / lack of access to adequate healthcare,Mexico,,"Undetermined location in Tizayuca, Hidalgo, Mexico","19.83530024, -98.991338",Central America,"Vanguardia de Veracruz,90 Grados",https://acortar.link/qvBWCp,3,2806.467966
2024.MMP0020,2024.MMP0020,Incident,North America,2024/1/6,2024,January,2,,2,,1,1,,Honduras,Central America,Drowning,United States of America,US-Mexico border crossing,"Rio Bravo in Del Rio, Val Verde County, Texas, United States of America","29.32698116, -100.926655",Northern America,Super Channel 12,https://acortar.link/7t3mo7,1,2203.226365
2024.MMP0031,2024.MMP0031,Incident,Central America,2024/1/13,2024,January,1,,1,,1,,,Cuba,Caribbean,Sickness / lack of access to adequate healthcare,Mexico,,"Unspecified location in Mexico City, Mexico","19.43264193, -99.13395488",Central America,Cibercuba,https://acortar.link/PoZOMY,1,1785.982517
2024.MMP0039,2024.MMP0039,Incident,North America,2024/1/24,2024,January,1,,1,2,,1,,Nicaragua,Central America,Drowning,United States of America,US-Mexico border crossing,"Rio Bravo south of Shelby Park, Eagle Pass, Maverick County,Texas, USA","28.70412098, -100.51021",Northern America,"News 4 San Antonio NBC, Texas Department of Public Safety - South Texas Region, 100% Noticias Nicaragua",https://acortar.link/mUHzdZ,5,2357.105391
2024.MMP0042,2024.MMP0042,Incident,Central America,2024/1/22,2024,January,1,,1,,,1,,Mexico,Central America,Vehicle accident / death linked to hazardous transport,Mexico,US-Mexico border crossing,"Roman Cepeda Avenue, Piedras Negras, Coahuila, Mexico","28.71161854, -100.555956",Central America,"Zócalo, Super Channel 12",https://acortar.link/vpMr4L,3,1037.851654
2024.MMP0043,2024.MMP0043,Incident,Central America,2024/1/29,2024,January,1,,1,,,1,,Mexico,Central America,Drowning,Mexico,US-Mexico border crossing,"Rio Bravo close to an aquaduct in Guerro, Coahuila, Mexico","28.53296616, -100.403479",Central America,"El Tiempo de Monclova, La Rancherita del Aire",https://acortar.link/Pk7xEd,3,1016.180515
2024.MMP0044,2024.MMP0044,Incident,Central America,2024/1/29,2024,January,2,,2,,,2,,Honduras,Central America,Violence,Mexico,US-Mexico border crossing,"Periodistas neighborhood, Piedras Negras, Coahuila, Mexico","28.67455472, -100.532942",Central America,"El Siglo de Torreon, Zócalo, Super Channel 12, Periodico La Voz",https://acortar.link/0jL8rP,3,2124.192638
2024.MMP0045,2024.MMP0045,Incident,South America,2024/1/29,2024,January,3,,3,38,1,,2,Venezuela (Bolivarian Republic of),South America,Drowning,Colombia,,"Urabá Gulf, close to the Village of Titumate, Ungía, Chocó, Colombia","8.30778024, -77.074966",South America,"Colombian Navy's Caribbean Naval Force, El Tiempo, Noticias Caracol, El Heraldo Colombia",https://archive.ph/pDUIn,5,1142.632995
2024.MMP0056,2024.MMP0056,Incident,Central America,2024/2/4,2024,February,9,,9,,3,6,,Cuba,Caribbean,Vehicle accident / death linked to hazardous transport,Guatemala,,"Kilometer 134 of CA-2 near Nahualate, Guatemala","14.439854, -91.375566",Central America,"Instituto Guatemalteco de Migración, Tico Times, Twitter @RBCNoticiasGT, Twitter @JuanVistorCas1, Twitter @Mtuchez_19, Prensa Libre",https://archive.ph/Yic5L,5,1349.619235
2024.MMP0063,2024.MMP0063,Incident,Caribbean,2024/1/16,2024,January,1,,1,13,,1,,Cuba,Caribbean,"Harsh environmental conditions / lack of adequate shelter, food, water",Mexico,Caribbean to US,"Caribbean Sea off the Coast of Cancun, Quintana Roo, Mexico","21.15526209, -86.80630457",Uncategorized,"14 y medio,News Euro",https://acortar.link/z8qIGQ,3,506.7162393
2024.MMP0069,2024.MMP0069,Incident,North America,2024/2/5,2024,February,5,,5,,1,4,,Guatemala,Central America,Drowning,United States of America,US-Mexico border crossing,"Rio Bravo close to Kickapoo Reservation, Rosita, Maverick County, Texas, United States of America","28.608167, -100.4425495",Northern America,"Zócalo,Super Channel 12",https://acortar.link/vPzkoF,3,1855.820812
2024.MMP0082,2024.MMP0082,Incident,Central America,2024/2/11,2024,February,1,,1,,1,,,Guatemala,Central America,Drowning,Mexico,US-Mexico border crossing,"Rio Bravo in Las Dos Cruces Ranch, Piedras Negras, Coahuila,Mexico","28.7201297, -100.5082906",Central America,"Zócalo,El Tiempo de Monclova",https://acortar.link/KvoEWJ,3,1869.651963
2024.MMP0083,2024.MMP0083,Incident,Central America,2024/2/11,2024,February,1,,1,,,1,,Guatemala,Central America,Drowning,Mexico,US-Mexico border crossing,"Rio Bravo near El Patinadero,Colonia Viveros, Nuevo Laredo, Tamaulipas, México","27.47857112, -99.47985878",Central America,"El Mañana, Zócalo,Vox Populi",https://acortar.link/5qYI7i,3,1698.960824
2024.MMP0087,2024.MMP0087,Incident,Central America,2024/2/13,2024,February,1,,1,,,1,,Mexico,Central America,Drowning,Mexico,US-Mexico border crossing,"Rio Bravo near Campo Los Venados,Piedras Negras, Coahuila, Mexico","28.70907671, -100.5111555",Central America,"Super Channel 12,Zócalo",https://acortar.link/roaClw,3,1036.949576
2024.MMP0088,2024.MMP0088,Incident,Central America,2024/2/14,2024,February,1,1,2,,1,,1,Honduras,Central America,Drowning,Mexico,US-Mexico border crossing,"Near Rio Bravo in Piedras Negras, Coahuila, Mexico","28.70066298, -100.5115786",Central America,"El Heraldo Honduras, HCH,Tiempo Honduras,Tu Nota Honduras",https://acortar.link/m8gXxv,3,2124.874645
2024.MMP0096,2024.MMP0096,Incident,Central America,2024/2/13,2024,February,1,,1,,1,,,Colombia,South America,"Harsh environmental conditions / lack of adequate shelter, food, water",Mexico,US-Mexico border crossing,"Undetermined location close to the Border Wall in Tijuana, Baja California,Mexico","32.53714994, -117.08572",Central America,Telemundo 48(area de la Bahía),https://acortar.link/3JAx1r,1,4250
2024.MMP0100,2024.MMP0100,Incident,Central America,2024/2/15,2024,February,2,,2,,,2,,Mexico,Central America,Drowning,Mexico,US-Mexico border crossing,"Rio Bravo close to Puente Negro del Ferrocarril(Black Railroad Bridge),Piedras Negras, Coahuila,Mexico","28.69626516, -100.511202",Central America,Zócalo,https://acortar.link/QQ7Lif,3,1035.544333
2024.MMP0101,2024.MMP0101,Incident,Central America,2024/2/15,2024,February,1,,1,,1,,,Mexico,Central America,Drowning,Mexico,US-Mexico border crossing,"Rio Bravo close to Campo Aguilas,Piedras Negras, Coahuila, Mexico","28.71160214, -100.509396",Central America,"El Tiempo,Zócalo",https://acortar.link/QQ7Lif,3,1037.202636
2024.MMP0102,2024.MMP0102,Incident,Central America,2024/2/15,2024,February,3,,3,22,2,,1,Ecuador,South America,Violence,Mexico,US-Mexico border crossing,"Camino Altar-Sáric, Sonora, Mexico","30.7199297, -111.833981",Central America,"Attorney General of Sonora Gustavo Salas,CNN,Excelsior México,Zócalo, Vanguardia,El Universal",https://acortar.link/JJZepE,5,4912.163884
2024.MMP0105,2024.MMP0105,Incident,North America,2024/2/18,2024,February,1,,1,,,1,,Honduras,Central America,Drowning,United States of America,US-Mexico border crossing,"Rio Bravo close to Kickapoo Reservation, Rosita, Maverick County,Texas, United States of America","28.608826, -100.444414",Northern America,"Zócalo,Super Channel 12",https://acortar.link/VeyFWN,3,2112.957555
2024.MMP0106,2024.MMP0106,Incident,Central America,2024/2/18,2024,February,1,,1,,,1,,Guatemala,Central America,Drowning,Mexico,US-Mexico border crossing,"Rio Bravo close to Soledad ranch, located between kilometers 203 and 204 of the Ribereña Highway,Reynosa, Tamaulipas,Mexico","26.15088611, -98.353396",Central America,"El Mañana,Hoy Tamaulipas",https://acortar.link/4slDUA,3,1514.282916
2024.MMP0107,2024.MMP0107,Incident,Central America,2024/2/19,2024,February,1,,1,,,1,,Nicaragua,Central America,Drowning,Mexico,US-Mexico border crossing,"Rio Bravo in Piedras Negras, Coahuila,Mexico","28.70145907, -100.511616",Central America,100% Noticias Nicaragua,https://acortar.link/7L3T8P,1,2356.977157
2024.MMP0108,2024.MMP0108,Incident,Central America,2024/2/20,2024,February,1,,1,,,1,,Dominican Republic,Caribbean,Drowning,Mexico,US-Mexico border crossing,"Rio Bravo in Guerrero, Coahuila,Mexico","28.32282708, -100.295384",Central America,Zócalo,https://acortar.link/kWzCxF,1,3278.113332
2024.MMP0119,2024.MMP0119,Incident,North America,2024/2/27,2024,February,1,,1,,,1,,Mexico,Central America,Accidental death,United States of America,US-Mexico border crossing,"At the border wall, west of the Otay Mesa Port of Entry, San Diego County, California, USA","32.54393855, -117.041904",Northern America,"Telemundo, San Diego Union Tribune",https://archive.ph/uODWF,3,1400
2024.MMP0120,2024.MMP0120,Incident,Central America,2024/2/19,2024,February,2,,2,,,2,,Nicaragua,Central America,Drowning,Mexico,US-Mexico border crossing,"Rio Bravo in Piedras Negras, Coahuila, Mexico","28.69446667, -100.510922",Central America,"Radio Corporacion Nicaragua, Radio ABC Stereo Nicaragua,100% Noticias Nicaragua",https://acortar.link/VE6Jmz,3,2356.354495
2024.MMP0122,2024.MMP0122,Incident,Central America,2024/2/24,2024,February,1,,1,,1,,,Cuba,Caribbean,Vehicle accident / death linked to hazardous transport,Mexico,,"By 135D Highway, two kilometers from the municipality of Asunción Nochixtlán, Mixtec region, Oaxaca, Mexico","17.44015099, -97.216932",Central America,"El Universal Oaxaca, Cibercuba",https://acortar.link/mQbT1u,3,1672.3247
2024.MMP0123,2024.MMP0123,Incident,Central America,2024/2/24,2024,February,2,,2,3,1,1,,Guatemala,Central America,Drowning,Mexico,US-Mexico border crossing,"Rio Bravo close to Puente Negro del Ferrocarril (Black Railroad Bridge), Piedras Negras, Coahuila, Mexico","28.69624217, -100.511297",Central America,"Zócalo,Super Channel 12",https://acortar.link/XjfZcY,3,1867.670191
2024.MMP0124,2024.MMP0124,Incident,Central America,2024/2/25,2024,February,2,,2,,,2,,Colombia,South America,Vehicle accident / death linked to hazardous transport,Mexico,,"Close to Tiltepec bridge, near the entrance to the community of El Ocotal, Tonalá, Chiapas, Mexico","16.12596905, -93.795235",Central America,"RCN Colombia,El Heraldo de Chiapas,El Universal Colombia",https://acortar.link/Zo2fld,3,2497.944179
2024.MMP0125,2024.MMP0125,Incident,Central America,2024/2/26,2024,February,1,,1,,1,,,Venezuela (Bolivarian Republic of),South America,Vehicle accident / death linked to hazardous transport,Mexico,,"Railroad tracks in Las Julietas(La Merced), Torreon, Coahuila, Mexico","25.49964928, -103.406161",Central America,"El Siglo de Torreon, Debate, Super Channel12 ",https://acortar.link/aKvlNW,3,4188.802428
2024.MMP0126,2024.MMP0126,Incident,North America,2024/2/26,2024,February,1,,1,,,1,,Mexico,Central America,Vehicle accident / death linked to hazardous transport,United States of America,US-Mexico border crossing,"On US-277 Highway at the extit towards Eagle Pass, Eagle Pass, Maverick County, Texas, United States of America","28.70728565, -100.451138",Northern America,"El Tiempo,Zócalo",https://acortar.link/AYQfFD,3,1035.948518
2024.MMP0127,2024.MMP0127,Incident,North America,2024/2/27,2024,February,1,,1,,,1,,Ecuador,South America,Drowning,United States of America,US-Mexico border crossing,"Rio Bravo close to Kickapoo Reservation, Rosita, Maverick County, Texas, United States of America","28.60857369, -100.443736",Northern America,"Zócalo,Super Channel 12",https://acortar.link/dKboZd,3,3953.429406
2024.MMP0128,2024.MMP0128,Incident,Central America,2024/2/28,2024,February,2,,2,6,1,,1,Ecuador,South America,Drowning,Costa Rica,,"Rio Medio Queso, close to Los Robles, Los Chiles, Alajuela, Costa Rica","11.03027989, -84.686664",Central America,"Diario Extra Costa Rica, Teletica",https://acortar.link/N1xlIK,3,1417.935103
2024.MMP0153,2024.MMP0153,Incident,Central America,2024/2/25,2024,February,1,,1,,1,,,Guatemala,Central America,Mixed or unknown,Mexico,US-Mexico border crossing,"Piedras Negras General Hospital, Piedras Negras, Coahuila de Zaragoza, Mexico","28.710271, -100.517954",Central America,Vanguardia ,https://acortar.link/fiUJo2,1,1869.312961
2024.MMP0154,2024.MMP0154,Incident,Central America,2024/3/3,2024,March,1,,1,,,1,,Nicaragua,Central America,Accidental death,Mexico,,"Railroad tracks in Diana Laura Riojas de Colosio, Saltillo, Coahuila,Mexico","25.391402, -101.033567",Central America,Zócalo,https://acortar.link/h7Rew5,1,2136.845897
2024.MMP0157,2024.MMP0157,Incident,Central America,2024/3/4,2024,March,1,,1,,1,,,Cuba,Caribbean,Sickness / lack of access to adequate healthcare,Mexico,US-Mexico border crossing,"Undetermined location in Piedras Negras, Coahuila, Mexico","28.706963, -100.513782",Central America,"Periodico Cubano, Cibercuba",https://acortar.link/P3Jz5Q,3,1918.373
2024.MMP0161,2024.MMP0161,Incident,Central America,2024/3/6,2024,March,3,,3,3,2,1,,Ecuador,South America,Violence,Mexico,,"House in Manga de Clavo Neighborhood, Tapachula, Chiapas, Mexico","14.954646, -92.264454",Central America,"El Universal, Latinus, Lopez Doringa",https://acortar.link/ylR7V9,3,2260.05862
2024.MMP0162,2024.MMP0162,Incident,Central America,2024/3/4,2024,March,1,,1,,,1,,Guatemala,Central America,Violence,Mexico,,"Close to El Cedral Neighborhood, Veracruz, Mexico","18.0264747, -94.127017",Central America,Milenio,https://acortar.link/FTiXIn,1,538.9306342
2024.MMP0181,2024.MMP0181,Incident,Central America,2024/3/8,2024,March,1,,1,3,,,1,Honduras,Central America,Violence,Mexico,,"Close to Josefa Ortiz de Dominguez Highschool, Tabasco, Mexico","17.90109091, -93.71778997",Central America,"Diarios Los Tuxltas,Noticias Hoy",https://acortar.link/xUizcW,3,816.8089388
2024.MMP0182,2024.MMP0182,Incident,North America,2024/3/10,2024,March,1,,1,,1,,,Mexico,Central America,Drowning,United States of America,US-Mexico border crossing,"Rio Bravo close to Minas del Seco,Eagle Pass, Maverick County,Texas, United States of America","28.73990438, -100.5067329",Northern America,"Super Channel 12,El Democrata",https://acortar.link/2Conaq,3,1040.272369
2024.MMP0183,2024.MMP0183,Incident,Central America,2024/3/11,2024,March,1,,1,1,,1,,Honduras,Central America,Accidental death,Mexico,,"Railroad tracks in Palenque, Chiapas, Mexico","17.57199862, -92.02716141",Central America,"El Heraldo de Chiapas,Por esto",https://acortar.link/HbNurb,3,646.6503573
2024.MMP0184,2024.MMP0184,Incident,Caribbean,2024/3/12,2024,March,,4,4,,,4,,Dominican Republic,Caribbean,Drowning,Puerto Rico,Dominican Republic to Puerto Rico,"Off the coast of La Gina, Miches,Republica Dominicana","19.00249359, -69.13701292",Caribbean,"CDN República Dominicana,Azua al instante",https://acortar.link/gq2lw8,3,101.3947337
2024.MMP0189,2024.MMP0189,Incident,Central America,2024/3/17,2024,March,1,,1,,1,,,Venezuela (Bolivarian Republic of),South America,Mixed or unknown,Mexico,,"Unpopulated land in San Bartolo Cuatlalpan, between the municipalities of Tizayuca, Hidalgo, and Zumpango, State of Mexico, Mexico","19.82151131, -99.000528",Central America,"Excelsior México,Debate,ACN",https://acortar.link/Ku2Vht,3,3593.596608
2024.MMP0190,2024.MMP0190,Incident,Central America,2024/3/18,2024,March,1,,1,,1,,,Guatemala,Central America,Drowning,Mexico,US-Mexico border crossing,"Rio Bravo close to Paseo del Rio in Piedras Negras, Coahuila,Mexico","28.70134067, -100.511744",Central America,Nmás,https://acortar.link/wtGO4O,1,1868.154978
2024.MMP0191,2024.MMP0191,Incident,North America,2024/3/18,2024,March,1,,1,,,1,,Nicaragua,Central America,Drowning,United States of America,US-Mexico border crossing,"Rio Bravo in Eagle Pass, Maverick County, Texas, United States of America","28.6960629, -100.509831",Northern America,La Prensa Nicaragua,https://acortar.link/89ggjd,1,2356.415194
2024.MMP0193,2024.MMP0193,Incident,Central America,2024/3/19,2024,March,1,,1,,,1,,Honduras,Central America,Vehicle accident / death linked to hazardous transport,Mexico,,"Off Carretera Costera de Chiapas, close to Huehuetán, Chiapas, Mexico","15.00808735, -92.40126",Central America,La Jornada Chiapas,https://acortar.link/CcKdkb,1,570.8752512
2024.MMP0194,2024.MMP0194,Incident,Caribbean,2024/3/18,2024,March,,16,16,1,,,,Dominican Republic,Caribbean,Drowning,Dominican Republic,Dominican Republic to Puerto Rico,"Off the coast of Elupina Cordero De Las Cañitas (D. M.),Republica Dominicana","19.01962703, -69.267549",Caribbean,"Defensa Civil República Dominicana,El Nuevo Diario,CDN, El Viajero",https://acortar.link/rHhmL0,5,91.56783893
2024.MMP0209,2024.MMP0209216,Split Incident,Central America,2024/3/22,2024,March,1,,1,3,,1,,Venezuela (Bolivarian Republic of),South America,Vehicle accident / death linked to hazardous transport,Mexico,,"Kilometer 122, Highway 45, Chihuahua, Chihuahua, Mexico","29.6448143, -106.340457",Central America,"La Jornada, El Diario, Efecto Cocuyo",https://acortar.link/Txwofj,3,4600
2024.MMP0211,2024.MMP0211,Incident,North America,2024/3/21,2024,March,1,,1,,1,,,Guatemala,Central America,Accidental death,United States of America,US-Mexico border crossing,"2.5 miles east of the San Ysidro Port of Entry near Britannia Court, San Diego County, California, USA","32.54254, -117.028982",Northern America," U.S. Customs and Border Protection, The San Diego Union Tribute, NBC San Diego, ABC 10News San Diego",https://web.archive.org/web/20240401172305/https://www.cbp.gov/newsroom/national-media-release/woman-dies-after-fall-international-border-fence-near-otay-mesa,5,2500
2024.MMP0251,2024.MMP0251,Incident,Central America,2024/3/24,2024,March,1,,1,,,,,Haiti,Caribbean,Violence,Mexico,,"Uninhabited area near Libramiento Sur Poniente, Tapachula, Chiapas, Mexico","14.88337932, -92.30620435",Central America,"El Universal, El Imparcial",https://acortar.link/AnkmJX,3,2170.344956
2024.MMP0252,2024.MMP0252,Incident,Central America,2024/3/25,2024,March,1,,1,,,1,,Honduras,Central America,Mixed or unknown,Mexico,,"Parque del Amor, Colonia Centro, Municipio de Oaxaca de Juárez, Oaxaca, México","17.05088422, -96.72886704",Central America,"FDN Oaxaca X, Realidad Oaxaca X",https://acortar.link/Ws3AaW,3,1074.528333
2024.MMP0253,2024.MMP0253,Incident,South America,2024/3/25,2024,March,1,,1,,,1,,Colombia,South America,"Harsh environmental conditions / lack of adequate shelter, food, water",Chile,,"Bofedales de Pisiga Carpa close to Achauta, Colchane, Tarapacá Region, Chile","-19.28217093, -68.62408248",South America,"Infobae, Soy Chile, Radio Agricultura Chile, Epicentro Chile",https://acortar.link/y3TaZ8,3,2720.14751
2024.MMP0254,2024.MMP0254,Incident,Central America,2024/3/26,2024,March,1,,1,,1,,,Ecuador,South America,Sickness / lack of access to adequate healthcare,Mexico,,"Hospital Básico Comunitario Pijijiapan, Los Pinos, Pijijiapan, Chiapas, México","15.67157382, -93.21202907",Central America,Hoy en Imbadura,https://acortar.link/lKRMpK,1,2387.738188
2024.MMP0255,2024.MMP0255,Incident,Central America,2024/3/27,2024,March,1,,1,,,1,,Venezuela (Bolivarian Republic of),South America,Sickness / lack of access to adequate healthcare,Mexico,,"Hospedaje los Portales, Tapachula, Chiapas, Mexico","14.90940613, -92.25936605",Central America,Nau,https://acortar.link/J9kHJ6,1,2795.410233
2024.MMP0256,2024.MMP0256,Incident,Central America,2024/3/28,2024,March,1,,1,,,1,,Venezuela (Bolivarian Republic of),South America,Drowning,Mexico,US-Mexico border crossing,"Rio Bravo close to La Mision Neighborhood, Acuña, Coahuila, Mexico","29.30969641, -100.9003679",Central America,Zócalo,https://acortar.link/ejv9qG,1,4100.543844
2024.MMP0267,2024.MMP0267,Incident,Central America,2024/4/5,2024,April,2,,2,,,2,,Haiti,Caribbean,Vehicle accident / death linked to hazardous transport,Mexico,,"Kilometer 381, local road between Salina Cruz and Guelaguichi- close to El Caracol on the Ixtepec-La Ventosa Highway, Salina Cruz, Oaxaca, Mexico","16.18039251, -95.22388779",Central America,"Quadratin Oaxaca, El Imparcial Oaxaca",https://acortar.link/AInREB,3,2448.129871
2024.MMP0268,2024.MMP0268,Incident,Central America,2024/3/28,2024,March,1,,1,,,1,,Venezuela (Bolivarian Republic of),South America,Vehicle accident / death linked to hazardous transport,Mexico,,"Federal Highway 190 near Lazaro Cardenas, Cintalapa, Chiapas,México","16.60265458, -93.79634236",Central America,El Heraldo de Chiapas,https://acortar.link/800oOC,1,2985.71348
2024.MMP0295,2024.MMP0295,Incident,Central America,2024/4/10,2024,April,1,,1,,,1,,Mexico,Central America,Violence,Mexico,,"Unspecified location in Municipality of Jitotol, Chiapas, Mexico","17.07161204, -92.86415109",Central America,El Heraldo de Chiapas,https://acortar.link/Mk3bIP,1,712.5293454
2024.MMP0317,2024.MMP0317,Incident,Central America,2024/4/17,2024,April,1,,1,,1,,,Venezuela (Bolivarian Republic of),South America,Sickness / lack of access to adequate healthcare,Costa Rica,,"At the Paso Canoas border point, Puntarenas Province, Costa Rica - coming from the Darien National Park","8.530431797, -82.840174",Central America,"OIM Costa Rica,Policia Profesional de Migracion,CR Hoy, Semanario Universidad, La Teja",https://archive.ph/1CGLE,5,1762.85243
2024.MMP0318,2024.MMP0318324,Split Incident,Central America,2024/4/19,2024,April,1,,1,,,1,,Venezuela (Bolivarian Republic of),South America,Vehicle accident / death linked to hazardous transport,Mexico,,"Gomez Palacio General Hospital, after transportation from the train tracks close to the Nazareno neighborhood in Lerdo, Durango, Mexico","25.55768564, -103.525186",Central America,"Milenio, El Sol de Durango, El Siglo de Durango, Super Channel 12, Zócalo",https://archive.ph/fHrD5,3,4202.105113
2024.MMP0318,2024.MMP0318323,Split Incident,Central America,2024/4/19,2024,April,2,,2,2,,,2,Venezuela (Bolivarian Republic of),South America,Vehicle accident / death linked to hazardous transport,Mexico,,"Train tracks close to the Nazareno neighborhood in Lerdo, Durango, Mexico","25.55768564, -103.525186",Central America,"Milenio, El Sol de Durango, El Siglo de Durango, Super Channel 12, Zócalo",https://archive.ph/XmKjA,3,4202.105113
2024.MMP0321,2024.MMP0321330,Split Incident,Central America,2024/4/21,2024,April,1,,1,,,1,,Ecuador,Caribbean,Vehicle accident / death linked to hazardous transport,Mexico,,"Panamerican highways, Santo Domingo Zanatepec, Oaxaca, Mexico","16.47729938, -94.355434",Central America,"Fiscalía General del Estado de Oaxaca, Expansion, El Universal",https://twitter.com/FISCALIA_GobOax/status/1782458364221436274?ref_src=twsrc%5Etfw%7Ctwcamp%5Etweetembed%7Ctwterm%5E1782458364221436274%7Ctwgr%5E2a64a222cd2e0860a742e471c4373f6079575a78%7Ctwcon%5Es1_&ref_url=https%3A%2F%2Fvanguardiaveracruz.com%2Fseis-muertos-deja-fuerte-accidente-carretero-en-oaxaca%2F,5,2050
2024.MMP0323,2024.MMP0323,Incident,Central America,2024/4/25,2024,April,1,,1,,,,,Mexico,Central America,Mixed or unknown,United States of America,US-Mexico border crossing,"Body found in the Glass Ranch, near 2644 Road and El Indio","28.489222, -100.193446",Central America,"Super Channel 12, Periodico Zocalo",https://archive.vn/iAGna,3,1008.873255
2024.MMP0335,2024.MMP0335,Incident,South America,2024/4/23,2024,April,1,,1,,,1,,Venezuela (Bolivarian Republic of),South America,Violence,Colombia,,"San Rafael restaurant, located at the 'El Amarillo' service station, located on the San Alberto-La Mata National Highway,San Alberto,Cesar, Colombia","7.806844047, -73.4122398",South America,El Tiempo,https://archive.ph/oMO24,1,774.0317469
2024.MMP0357,2024.MMP0357,Incident,Central America,2024/5/3,2024,May,1,,1,,,1,,Honduras,Central America,Vehicle accident / death linked to hazardous transport,Mexico,,"Intersection of 16 de Septiembre Street and the railroad tracks in the Dos de Junio neighborhood,Chihuahua,Mexico","28.69706771, -106.0935637",Central America,"El Heraldo de Chihuahua,Impacto Noticias,El Diario MX, Fox 5 San Diego",https://archive.ph/7hxmz,3,2535.571735
2024.MMP0359,2024.MMP0359,Incident,Central America,2024/5/5,2024,May,1,,1,,1,,,Venezuela (Bolivarian Republic of),South America,Sickness / lack of access to adequate healthcare,Mexico,,"Suchiate River (Mexican side) in the transborder area with Guatemala, close to Paso del Coyote, Chiapas, Mexico","14.68002432, -92.14789078",Central America,El Pitazo,https://archive.ph/pjvCI,1,2780.457407
2024.MMP0360,2024.MMP0360,Incident,Central America,2024/5/4,2024,May,4,,4,4,,4,,Cuba,Caribbean,"Harsh environmental conditions / lack of adequate shelter, food, water",Mexico,US-Mexico border crossing,"Laguna Madre, Tamaulipas, Mexico","25.08259406, -97.55448401",Central America,"El Sol de Tampico, 14 y medio",https://archive.ph/roPD6,3,1558.673071
2024.MMP0363,2024.MMP0363,Incident,Central America,2024/5/4,2024,May,1,,1,4,1,,,Cuba,Caribbean,Vehicle accident / death linked to hazardous transport,Mexico,,"Close to Terminal 1 of the Mexico City International Airport, Mexico City, Mexico","19.43483802, -99.08618998",Central America,"ADN Cuba, 14 y medio",https://archive.ph/iupFo,3,1781.096982
2024.MMP0393,2024.MMP0393,Incident,North America,2024/5/8,2024,May,3,,3,,,3,,Mexico,Central America,Vehicle accident / death linked to hazardous transport,United States of America,US-Mexico border crossing,"TX-85 Highway close to Dimmit,Castro County,Texas, United States of America","28.64008777, -99.40828572",Northern America,Zócalo,https://archive.ph/xbH7L,1,1020.20712
2024.MMP0394,2024.MMP0394,Incident,South America,2024/5/9,2024,May,1,,1,,1,,,Venezuela (Bolivarian Republic of),South America,Sickness / lack of access to adequate healthcare,Chile,,"About 3 kilometers east of Pisiga Choque,Colchane, Tarapacá Region,Chile","-19.31863264, -68.58365671",South America,"Soy Iquique,Bio Bio Chile,El Regional del Zulia",https://archive.ph/WO2w7,3,3301.102487
2024.MMP0396,2024.MMP0396,Incident,Central America,2024/5/11,2024,May,1,,1,,,1,,Cuba,Caribbean,Violence,Mexico,US-Mexico border crossing,"Undeterminated location in Piedras Negras, Coahuila, Mexico (P)","28.69753151, -100.5116136",Central America,Periodo Cubano,https://archive.ph/GjHyn,1,1917.903537
2024.MMP0423,2024.MMP0423,Incident,Central America,2024/5/14,2024,May,1,,1,1,,,1,Guatemala,Central America,Drowning,Mexico,US-Mexico border crossing,"Rio Bravo close to El Chaparral, Reynosa, Tamaulipas, Mexico","26.09986719, -98.282452",Central America,"Hoy Tamaulipas, El Mañana, Vox Populi",https://archive.ph/Dsqa1,3,1505.624004
2024.MMP0425,2024.MMP0425,Incident,Central America,2024/5/16,2024,May,1,,1,,,1,,Cuba,Caribbean,Sickness / lack of access to adequate healthcare,Mexico,,"Costa Verde Neighborhood, Tapachula, Chiapas, Mexico","14.8727624, -92.304026",Central America,"Cibercuba, Nau",https://archive.ph/SOZMv,3,1387.146286
2024.MMP0426,2024.MMP0426,Incident,Central America,2024/5/17,2024,May,1,,1,,,1,,Honduras,Central America,Violence,Mexico,US-Mexico border crossing,"At the foot of the border wall in Ciudad Juarez, close to Paso del Norte street, Chihuahua, Mexico","31.76091887, -106.508094",Central America,"Prensa Libre, La Jornada, Milenio, El Heraldo de Juarez, Norte Digital, La Opcion, Omnia, Net Noticias,El Diario MX",https://archive.ph/fomIN,3,2776.751473
2024.MMP0442,2024.MMP0442,Incident,North America,2024/5/26,2024,May,1,,1,,,1,,Mexico,Central America,Drowning,United States of America,US-Mexico border crossing,"Rio Bravo near Shelby Park, Eagle Pass, Maverick County, Texas, United States of America","28.70794152, -100.510769",Northern America,"Zócalo Radio, Zócalo",https://archive.ph/yo3rG,1,1036.819711
2024.MMP0443,2024.MMP0443,Incident,North America,2024/5/26,2024,May,1,,1,,,1,,Mexico,Central America,"Harsh environmental conditions / lack of adequate shelter, food, water",United States of America,US-Mexico border crossing,"Ranch close to US-277 in Quemado, Maverick County,Texas,United States of America","28.92944355, -100.618543",Northern America,"Zócalo Radio, Zócalo",https://archive.ph/yo3rG,1,1062.6271
2024.MMP0454,2024.MMP0454,Incident,Central America,2024/5/29,2024,May,1,,1,,,1,,Colombia,South America,Accidental death,Mexico,,"At the height of Calle Sexta Oriente Sur,Cintalapa, Chiapas,Mexico","16.69401789, -93.717056",Central America,"El Heraldo de Chiapas,Lopez Doriga,Caracol Radio",https://archive.ph/EyKku,3,2520.978156
2024.MMP0457,2024.MMP0457,Incident,Caribbean,2024/5/2,2024,May,,19,19,,7,12,,Cuba,Caribbean,Drowning,Cuba,Caribbean to US,"Undetermined location off the coast between Artemisa and Mayabeque Provinces, Cuba","22.7072684, -82.738008",Caribbean,"Cibercuba,Cubacute,Yo si te creo en Cuba (FB)",https://archive.ph/GgWwy,3,58.96317717
2024.MMP0487,2024.MMP0487,Incident,North America,2024/1/8,2024,January,1,,1,,,1,,Guatemala,Central America,Mixed or unknown,United States of America,US-Mexico border crossing,"Marana Unified District, Pima County, Arizona, United States of America - see coordinates for specific location","32.272111, -111.449806",Northern America,Pima County Office of the Medical Examiner (PCOME),https://humaneborders.info/app/map.asp,5,2700
2024.MMP0493,2024.MMP0493,Incident,North America,2024/1/22,2024,January,1,,1,,,1,,Mexico,Central America,Mixed or unknown,United States of America,US-Mexico border crossing,"Tohono O'odham Nation Reservation,Papago, Arizona, United States of America - see coordinates for specific location","32.29443, -111.61995",Northern America,Pima County Office of the Medical Examiner (PCOME),https://humaneborders.info/app/map.asp,5,1300
2024.MMP0497,2024.MMP0497,Incident,North America,2024/2/3,2024,February,1,,1,,,1,,Guatemala,Latin America / Caribbean (P),"Harsh environmental conditions / lack of adequate shelter, food, water",United States of America,US-Mexico border crossing,"San Simon, Cochise County, Arizona, United States of America - see coordinates for specific location","31.611253, -109.220635",Northern America,Pima County Office of the Medical Examiner (PCOME),https://humaneborders.info/app/map.asp,5,2676.266137
2024.MMP0501,2024.MMP0501,Incident,North America,2024/6/3,2024,June,1,,1,,,1,,Mexico,Central America,"Harsh environmental conditions / lack of adequate shelter, food, water",United States of America,US-Mexico border crossing,"Old Mines Road close to Indio,Maverick County,Texas, United States of America","28.335796, -100.239614",Northern America,Zócalo,https://archive.ph/6wxvt,1,992.497293
2024.MMP0502,2024.MMP0502,Incident,North America,2024/6/10,2024,June,1,,1,,,1,,Guatemala,Central America,Drowning,United States of America,US-Mexico border crossing,"Rio Bravo close to Eagle Pass Boat Ramp, Eagle Pass, Maverick County, Texas, United States of America","28.70875, -100.510269",Northern America,"Zócalo,Super Channel 12,El Sol de la Laguna,Periodico La Voz",https://archive.ph/XPmoV,3,1868.738721
2024.MMP0862,2024.MMP0862,Incident,Central America,2024/6/13,2024,June,1,,1,,,1,,Honduras,Central America,Drowning,Mexico,US-Mexico border crossing,"Rio Bravo close to Campo Cougars, Piedras Negras, Coahuila, Mexico","28.7129217, -100.50854",Central America,"La Rancherita del Aire, Periodico La Voz",https://archive.ph/t3cBp,3,2125.663752
2024.MMP0866,2024.MMP0866,Incident,North America,2024/6/10,2024,June,1,,1,,,1,,Colombia,South America,Mixed or unknown,United States of America,US-Mexico border crossing,"Undertermined location in Eagle Pass, Maverick County, Texas, United States of America","28.71005943, -100.508436",Northern America,Semana,https://archive.ph/Hk6bq,1,3852.769418
2024.MMP0872,2024.MMP0872,Incident,North America,2024/2/9,2024,February,1,,1,,,1,,Mexico,Central America,Drowning,United States of America,US-Mexico border crossing,"River in Desert Location in Santa Cruz County,Arizona,United States of America","31.34787, -110.70348",Northern America,Pima County Office of the Medical Examiner (PCOME),,5,1358
2024.MMP0873,2024.MMP0873,Incident,North America,2024/2/12,2024,February,1,,1,,1,,,Mexico,Central America,Violence,United States of America,US-Mexico border crossing,"Desert location in Tohono O'odham Nation Reservation,Papago, Arizona, United States of America","31.71566, -111.63423",Northern America,Pima County Office of the Medical Examiner (PCOME),,5,1400
2024.MMP0877,2024.MMP0877,Incident,North America,2024/2/22,2024,February,1,,1,,,1,,Guatemala,Central America,"Harsh environmental conditions / lack of adequate shelter, food, water",United States of America,US-Mexico border crossing,"Desert location in Pima County, Arizona, United States of America","31.54511, -111.16916",Northern America,Pima County Office of the Medical Examiner (PCOME),,5,2700
2024.MMP0886,2024.MMP0886,Incident,North America,2024/3/8,2024,March,1,,1,,,1,,Mexico,Central America,Mixed or unknown,United States of America,US-Mexico border crossing,"Desert location in Cochise County, Arizona, United States of America","31.336589, -109.902509",Northern America,Pima County Office of the Medical Examiner (PCOME),,5,1200
2024.MMP0889,2024.MMP0889,Incident,Central America,2024/6/19,2024,June,1,,1,6,,1,,Mexico,Central America,"Harsh environmental conditions / lack of adequate shelter, food, water",Mexico,US-Mexico border crossing,"Juárez, Chihuahua, Mexico across the border from Santa Teresa, New Mexico, USA","31.76349111, -106.529843",Central America,Border Report,https://web.archive.org/web/20240625113259/https://www.borderreport.com/immigration/smugglers-abandon-migrants-in-desert-after-one-collapses-dies-in-triple-digit-heat/,1,1300
2024.MMP0903,2024.MMP0903,Incident,North America,2024/6/28,2024,June,3,,3,6,,2,1,Mexico,Central America,"Harsh environmental conditions / lack of adequate shelter, food, water",United States of America,US-Mexico border crossing,"Sheep Peak, near Ajo, Pima County, Arizona, United States of America","32.401094, -113.115394",Northern America,"US Customs and Border Patrol, Newsweek, XEU, Arizona Daily Star, Tucson.com, Quinta Fuerza, El Tiempo",https://archive.ph/vXitk,5,1400
2024.MMP0909,2024.MMP0909,Incident,North America,2024/6/20,2024,June,1,,1,,,1,,Mexico,Central America,Vehicle accident / death linked to hazardous transport,United States of America,,"Portal Way and Faris Road near the Burlington Northern Santa Fe (BNSF) railroad tracks, Ferndale, Whatcom County, Washington, United States of America","48.901267, -122.616795",Northern America,"Komo News, Department of Homeland Security, The Bellingham Herald",https://archive.ph/0NXFY,5,1432
2024.MMP0916,2024.MMP0916,Incident,Central America,2024/6/19,2024,June,1,,1,6,,1,,Mexico,Central America,"Harsh environmental conditions / lack of adequate shelter, food, water",Mexico,US-Mexico border crossing,"Desert area close to Anapra Ranch, Ciudad Juarez, Chihuahua, Mexico","31.78316716, -106.553187",Central America,"La Opcion de Chihuahua, El Universal, Excelsior, KTSM 9, El Diario MX",https://archive.ph/AjH53,3,1342
2024.MMP0918,2024.MMP0918,Incident,North America,2024/6/21,2024,June,1,,1,,,1,,Venezuela (Bolivarian Republic of),South America,Violence,United States of America,,"Undetermined location in Opa-locka, Miami Dade County, Miami, United States of America","25.90198246, -80.25051",Northern America,Noticia Al Día,https://archive.ph/2JCnB,1,2211.460648
2024.MMP0926,2024.MMP0926,Incident,North America,2024/4/12,2024,April,1,,1,,,1,,Guatemala,Central America,Accidental death,United States of America,US-Mexico border crossing,"Desert location close to I-10 Picacho, Cochise County, Arizona, United States of America","32.69354683, -111.464518",Northern America,Pima County Office of the Medical Examiner (PCOME),,5,2630
2024.MMP0927,2024.MMP0927,Incident,North America,2024/4/16,2024,April,1,,1,,1,,,Guatemala,Central America,Mixed or unknown,United States of America,US-Mexico border crossing,"Desert location in Tohono O'odham Nation Reservation, Papago, Pima County, Arizona, United States of America","31.935031, -111.624315",Northern America,Pima County Office of the Medical Examiner (PCOME),,5,2740
2024.MMP0928,2024.MMP0928,Incident,North America,2024/4/17,2024,April,1,,1,,,1,,Mexico,Central America,Mixed or unknown,United States of America,US-Mexico border crossing,"Desert Location in Sells, Pima County, Arizona, United States of America","31.8575, -111.92761",Northern America,Pima County Office of the Medical Examiner (PCOME),,5,1432
2024.MMP0929,2024.MMP0929,Incident,North America,2024/4/20,2024,April,1,,1,,1,,,Mexico,Central America,"Harsh environmental conditions / lack of adequate shelter, food, water",United States of America,US-Mexico border crossing,"Desert location in Altar Valley, Pima County, Arizona, United States of America","31.82767, -111.37371",Northern America,Pima County Office of the Medical Examiner (PCOME),,5,1329
2024.MMP0930,2024.MMP0930,Incident,North America,2024/4/28,2024,April,1,,1,,,1,,Mexico,Central America,Mixed or unknown,United States of America,US-Mexico border crossing,"Desert location in Pima County, Arizona, United States of America","31.640278, -111.171944",Northern America,Pima County Office of the Medical Examiner (PCOME),,5,1400
2024.MMP0932,2024.MMP0932,Incident,North America,2024/5/25,2024,May,1,,1,,,1,,Mexico,Central America,Mixed or unknown,United States of America,US-Mexico border crossing,"Desert location in Bisbee Cochise County, Arizona, United States of America","31.36735, -109.91314",Northern America,Pima County Office of the Medical Examiner (PCOME),,5,1455
2024.MMP0933,2024.MMP0933,Incident,North America,2024/5/30,2024,May,1,,1,,,1,,Guatemala,Central America,Mixed or unknown,United States of America,US-Mexico border crossing,"Desert location in Tohono O'odham Nation Reservation, Papago, Pima County, Arizona, United States of America","31.577831, -111.725536",Northern America,Pima County Office of the Medical Examiner (PCOME),,5,2740
2024.MMP0935,2024.MMP0935,Incident,North America,2024/6/4,2024,June,1,,1,,,1,,Guatemala,Central America,Mixed or unknown,United States of America,US-Mexico border crossing,"Desert location in Tohono O'odham Nation Reservation, Papago, Pima County, Arizona, United States of America","31.704333, -111.9985",Northern America,Pima County Office of the Medical Examiner (PCOME),,5,2700
2024.MMP0936,2024.MMP0936,Incident,North America,2024/6/4,2024,June,1,,1,,,1,,Guatemala,Central America,Mixed or unknown,United States of America,US-Mexico border crossing,"Desert location in Tohono O'odham Nation Reservation, Papago, Pima County, Arizona, United States of America","31.70187, -111.99752",Northern America,Pima County Office of the Medical Examiner (PCOME),,5,2630
2024.MMP0946,2024.MMP0946,Incident,North America,2024/7/2,2024,July,1,,1,6,,1,,Guatemala,Central America,Mixed or unknown,United States of America,US-Mexico border crossing,"La Mesa Ranch, between La Mesa Rach Road and US 83, northwest of Laredo, Webb County, Texas, United States of America","27.933521, -99.532775",Northern America,"Laredo Morning Times, Lar D 106.1",https://archive.ph/q9QjP,3,1743.421132
2024.MMP0951,2024.MMP0951,Incident,Central America,2024/6/30,2024,June,1,,1,,1,,,Colombia,South America,Mixed or unknown,Mexico,US-Mexico border crossing,"Desert location close to Jacume, Tecate, Baja California, Mexico","32.6084434, -116.194159",Central America,En Linea BC,https://archive.ph/TGYq7,1,4250
2024.MMP0952,2024.MMP0952,Incident,Central America,2024/7/3,2024,July,1,,1,,1,,,Venezuela (Bolivarian Republic of),South America,Violence,Mexico,,"Outside Kamico Hotel, close to the Military Zone in Tapachula, Chiapas, Mexico","14.8977935, -92.252216",Central America,Diario de Chiapas,https://archive.ph/dOgIE,1,2794.488406
2024.MMP0953,2024.MMP0953,Incident,Central America,2024/6/30,2024,June,1,,1,,,1,,Nicaragua,Central America,Violence,Costa Rica,,"Close to La Teja Bar, Llano Grande, Cartago Province, Costa Rica","9.9371953, -83.913192",Central America,Radio ABC Stereo Nicaragua,https://archive.ph/12gwF,1,352.7771639
2024.MMP0957,2024.MMP0957,Incident,Central America,2024/7/4,2024,July,1,,1,,,1,,Mexico,Central America,Sickness / lack of access to adequate healthcare,Mexico,US-Mexico border crossing,"Ciudad Juarez, Chihuahua, Mexico","31.7522206, -106.439962",Central America,El Diario Noroeste,https://archive.ph/zKx4g,1,1432
2024.MMP0958,2024.MMP0958,Incident,Caribbean,2024/7/4,2024,July,1,,1,,1,,,Haiti,Caribbean,Sickness / lack of access to adequate healthcare,Dominican Republic,,"Duarte, Santo Domingo, Dominican Republic","18.474762, -69.88641",Caribbean,"Kaos en la Red, Alter Presse",https://archive.ph/nYxSh,3,255.9520411
2024.MMP0959,2024.MMP0959,Incident,Central America,2024/7/8,2024,July,1,,1,,,1,,Guatemala,Central America,Drowning,Mexico,,"Creek located near the Sayula Railroad Station, Tepetitlán, Hidalgo, Mexico","20.2166631, -99.444451",Central America,"Excelsior, La Verdad Noticias",https://archive.ph/jxfmi,3,1132.334467
2024.MMP0962,2024.MMP0962,Incident,North America,2024/6/14,2024,June,1,,1,,,1,,Honduras,Central America,"Harsh environmental conditions / lack of adequate shelter, food, water",United States of America,US-Mexico border crossing,"Desert location in Altar Valley, Pima County, Arizona, United States of America","31.89617, -111.4331",Northern America,Pima County Office of the Medical Examiner (PCOME),,5,3159.607139
2024.MMP0963,2024.MMP0963,Incident,North America,2024/6/17,2024,June,1,,1,,1,,,Mexico,Central America,Mixed or unknown,United States of America,US-Mexico border crossing,"Desert Location in Sells, Pima County, Arizona, United States of America","31.710833, -111.949667",Northern America,Pima County Office of the Medical Examiner (PCOME),,5,1400
2024.MMP0977,2024.MMP0977,Incident,Caribbean,2024/7/17,2024,July,,40,40,41,,,,Haiti,Caribbean,Accidental death,Haiti,,"Near Fort Lilet, a few kilometers from the port of Labadee, Haiti (en route to Turks and Caicos)","19.781974, -72.253727",Caribbean,"IOM, Reuters, Al Jazeera, BBC, The New York Times, CNN, Rezo Nòdwès",https://archive.ph/UI86a,5,131.5788832
2024.MMP0981,2024.MMP0981,Incident,Central America,2024/7/12,2024,July,2,,2,3,1,,1,Guatemala,Central America,Vehicle accident / death linked to hazardous transport,Mexico,US-Mexico border crossing,"Close to Kilometer marker 204 of highway 45 from Chihuahua to Ciudad Juárez, Ciudad Juarez, Chihuahua, Mexico","31.65331364, -106.430577",Central America,"Fuerza Informativa Azteca, La Red 1601",https://archive.ph/L3rYL,3,2485.759419
2024.MMP1012,2024.MMP1012,Incident,Central America,2024/7/22,2024,July,1,,1,,1,,,Ecuador,South America,"Harsh environmental conditions / lack of adequate shelter, food, water",Mexico,US-Mexico border crossing,"At border wall on Tecate, Baja California, Mexico","32.57842375, -116.601546",Central America,"USBP Chief Patrol Agent Gregory K. Bovino,N más, El Universo",https://archive.ph/y7tel,5,5398.853582
2024.MMP1013,2024.MMP1013,Incident,Caribbean,2024/7/27,2024,July,4,,4,43,2,2,,Dominican Republic,Caribbean,Drowning,Dominican Republic,Dominican Republic to Puerto Rico,"Off the Coast of Guayacanes, San Pedro de Macorís, Dominican Republic","18.41563568, -69.470397",Caribbean,"Dominican Republic Navy, CDN, Listin Diario, Diario Libre, El Nuevo Diario",https://archive.ph/74NCG,5,49.29668491
2024.MMP1014,2024.MMP1014,Incident,Central America,2024/7/27,2024,July,1,,1,,,,1,Venezuela (Bolivarian Republic of),South America,Drowning,Mexico,US-Mexico border crossing,"Rio Bravo close to Las Alamedas neighborhood, Ciudad Acuña, Coahuila, Mexico","29.31843569, -100.91659",Central America,Zócalo,https://archive.ph/MB7f6,1,4102.375133
2024.MMP1015,2024.MMP1015,Incident,Central America,2024/7/28,2024,July,2,,2,6,1,,,Honduras,Central America,Violence,Mexico,,"Reforma neighborhood, San Cristobal de las Casas, Chiapas, Mexico","16.7269972, -92.673815",Central America,"Enrique Reina Foreign Affairs Secretary of Honduras, La Jornada Maya, Zócalo, Eje Central,El Heraldo Honduras",https://archive.ph/N1Ghg,5,657.6245471
2024.MMP1016,2024.MMP1016,Incident,Central America,2024/7/29,2024,July,1,,1,,1,,,Colombia,South America,"Harsh environmental conditions / lack of adequate shelter, food, water",Mexico,US-Mexico border crossing,"Close to the border wall in Tecate, Baja California, Mexico","32.57819641, -116.604741",Central America,"El Espectador, Vanguardia",https://archive.ph/ZNGtf,3,4400
2024.MMP1057,2024.MMP1057,Incident,North America,2024/3/21,2024,March,1,,1,,1,,,Guatemala,Central America,Accidental death,United States of America,US-Mexico border crossing,"At the foot of the Border Wall in Otay Mesa, San Diego County, California, United States of America","32.54505282, -117.0101846",Northern America,"Newsweek, KPBS",https://archive.ph/iBY4U,3,2730
2024.MMP1060,2024.MMP1060,Incident,Central America,2024/7/29,2024,July,1,,1,,,,1,Venezuela (Bolivarian Republic of),South America,Drowning,Mexico,US-Mexico border crossing,"Rio Bravo in Ciudad Acuña, Coahuila, Mexico","29.32614545, -100.9259347",Central America,"El Regional del Zulia, Cactus 24",https://archive.ph/Gutkl,3,4103.548079
2024.MMP1061,2024.MMP1061,Incident,North America,2024/8/2,2024,August,1,,1,,,1,,Honduras,Central America,Drowning,Mexico,US-Mexico border crossing,"Rio Bravo in Eagle Pass, Maverick County, Texas, United States of America","28.69397936, -100.5099461",Northern America,"Once Noticias, Tiempo",https://archive.ph/4gPLw,3,2124.22493
2024.MMP1063,2024.MMP1063,Incident,North America,2024/8/5,2024,August,1,,1,,,1,,Mexico,Central America,"Harsh environmental conditions / lack of adequate shelter, food, water",United States of America,US-Mexico border crossing,"TX-131 close to Alkak Ranch, close to Bracketville, Kinney County,Texas, United States of America","29.27611351, -100.411989",Northern America,"La Rancherita del Aire, Zócalo Radio ",https://archive.ph/uYZGa,3,1097.982391
2024.MMP1065,2024.MMP1065,Incident,Caribbean,2024/7/21,2024,July,1,11,12,2,1,,,Cuba,Caribbean,Drowning,Cuba,Caribbean to US,"Off the coast of La Coloma Beach, Cuba","22.23819799, -83.57158992",Uncategorized,"Cibercuba, Cubita Now",https://archive.ph/aADTV,3,157.2621991
2024.MMP1067,2024.MMP1067,Incident,Central America,2024/7/30,2024,July,2,,2,,2,,,Venezuela (Bolivarian Republic of),South America,Violence,Mexico,,"Undetermined location in San Miguel Topilejo, Ciudad de Mexico, Mexico","19.20004422, -99.14634872",Central America,"La Verdad, Infobae",https://archive.ph/qeScn,3,3594.996155
2024.MMP1087,2024.MMP1087,Incident,Central America,2024/8/12,2024,August,1,,1,,,1,,Honduras,Central America,Vehicle accident / death linked to hazardous transport,Mexico,,"Railroad tracks close to Felipe Angeles International Airport, Zumpango, Estado de Mexico, Mexico","19.74344018, -99.034842",Central America,"Proceso Honduras, El Heraldo",https://archive.ph/6u3LB,3,1408.422025
2024.MMP1089,2024.MMP1089,Incident,South America,2024/8/10,2024,August,1,,1,,,1,,Venezuela (Bolivarian Republic of),South America,Violence,Colombia,,"Santa Fe neighborhood in commune 15 of Guayabal, Medellín, Colombia","6.220636244, -75.583722",South America,Alerta Paisa,https://archive.ph/num03,1,1065.646122
2024.MMP1090,2024.MMP10901125,Split Incident,Central America,2024/8/13,2024,August,1,,1,,,,1,Nicaragua,Central America,Drowning,Mexico,US-Mexico border crossing,"Rio Bravo undetermined location in Piedras Negras, Coahuila, Mexico","28.69140531, -100.510528",Central America,Vanguardia,https://archive.ph/IhfzK,1,2124
2024.MMP1160,2024.MMP1160,Incident,North America,2024/8/23,2024,August,1,,1,,,1,,Mexico,Central America,"Harsh environmental conditions / lack of adequate shelter, food, water",United States of America,US-Mexico border crossing,"Indio, Maverick County, Texas, United States of America","28.49510767, -100.262623",Northern America,"El Tiempo, Periodico La Voz, Pagina Central",https://archive.ph/NXGOY,3,1010.295828
2024.MMP1162,2024.MMP1162,Incident,North America,2024/8/13,2024,August,1,,1,,,1,,Colombia,South America,Sickness / lack of access to adequate healthcare,Mexico,US-Mexico border crossing,"Otay Mesa, San Diego County, San Diego California, United States of America","32.55301904, -117.022037",Northern America,"RCN Radio, Blu Radio, Head Topics",https://archive.ph/66HcG,3,4320
2024.MMP1164,2024.MMP1164,Incident,South America,2024/8/24,2024,August,1,,1,,1,,,Venezuela (Bolivarian Republic of),South America,"Harsh environmental conditions / lack of adequate shelter, food, water",Chile,,"Near Pisiga, transboder area with Bolivia, Colchane, Tarapacá Region, Chile","-19.25768643, -68.629452",South America,"Soy Iquique, El Sol de Iquique, Primera Edicion COL",https://archive.ph/IUL7c,4,3294.652489
2024.MMP1177,2024.MMP11771218,Split Incident,Central America,2024/8/29,2024,August,2,,2,18,,1,1,Ecuador,Central America,Vehicle accident / death linked to hazardous transport,Mexico,,"Panamerican Highway close to Juchitan de Zaragoza, Oaxaca, Mexico","16.46319882, -94.9971",Central America,"Instituto Nacional de Migracion Mexico, Infobae, Zócalo, Angulo 7, Fuerza Informativa Azteca, Vanguardia, MVM Noticias",https://archive.ph/PftTV,5,2584
2024.MMP1179,2024.MMP1179,Incident,Central America,2024/9/1,2024,September,1,,1,,,1,,Honduras,Central America,Vehicle accident / death linked to hazardous transport,Mexico,US-Mexico border crossing,"Railroad tracks in Sabinas, Coahuila, Mexico","27.85536317, -101.104286",Central America,"Super Channel 12, Tiempo Honduras",https://archive.ph/RG1TU,3,2099.105936
2024.MMP1180,2024.MMP1180,Incident,Central America,2024/9/4,2024,September,1,,1,4,,1,,Venezuela (Bolivarian Republic of),South America,Vehicle accident / death linked to hazardous transport,Mexico,US-Mexico border crossing,"On the highway between Villa Ahumada and Juarez (km 32), Ciudad Juarez, Chihuahua, Mexico","31.60622603, -106.459905",Central America,"Instituto Nacional de Migracion Mexico, NTN24, Vanguardia de Veracruz",https://archive.ph/DfKop,5,4691.026306
2024.MMP1183,2024.MMP1183,Incident,North America,2024/7/24,2024,July,1,,1,3,,1,,Mexico,Central America,Vehicle accident / death linked to hazardous transport,United States of America,US-Mexico border crossing,"Close to I-10 outside Tucson, Pima County, Arizona, United States of America","32.03400981, -110.728223",Northern America,Border Report,https://archive.ph/dyQ0U,1,1430
2024.MMP1184,2024.MMP1184,Incident,South America,2024/7/7,2024,July,1,,1,,,1,,Venezuela (Bolivarian Republic of),South America,Violence,Colombia,,"Undeterminded location in San Isidro de Aranjuez neighborhood, Medellin,Colombia","6.284847627, -75.562611",South America,El Tiempo,https://archive.ph/P0QCW,1,1060.370859
2024.MMP1185,2024.MMP1185,Incident,North America,2024/9/9,2024,September,1,,1,,,1,,Mexico,Central America,"Harsh environmental conditions / lack of adequate shelter, food, water",United States of America,US-Mexico border crossing,"Ranch close to Indio Boulevard, El Indio, Maverick County, Texas, United States of America","28.49479901, -100.311815",Northern America,"Zócalo, Super Channel 12",https://archive.ph/vHQJD,3,1010.841858
2024.MMP1210,2024.MMP1210,Incident,Central America,2024/9/12,2024,September,1,,1,,,1,,Colombia,South America,Drowning,Mexico,US-Mexico border crossing,"Rio Bravo at the height of  the Mudo Island (Isla del Mudo), Piedras Negras, Coahuila, Mexico","28.72930371, -100.508259",Central America,"Zócalo, Milenio",https://acortar.link/z0Kkbj,3,3854.087447
2024.MMP1213,2024.MMP1213,Incident,Central America,2024/9/14,2024,September,2,,2,,1,,1,Guatemala,Central America,Drowning,Mexico,,"Suchiate River close to El Talisman Border Crossing, Chiapas, Mexico","14.96431025, -92.147289",Central America,"El Heraldo, Faro Digital, Proceso",https://archive.ph/4r2Iz,3,180.3094654
2024.MMP1214,2024.MMP1214,Incident,Central America,2024/9/14,2024,September,1,,1,,,1,,Venezuela (Bolivarian Republic of),South America,Drowning,Mexico,US-Mexico border crossing,"Rio Bravo close to Puente Negro del Ferrocarril(Black Railroad Bridge), Piedras Negras, Coahuila, Mexico","28.69641064, -100.51053",Central America,"La Patilla, Tiempo, Zócalo",https://archive.ph/VN1yF,3,4038.784431
2024.MMP1215,2024.MMP1215,Incident,North America,2024/9/16,2024,September,1,,1,,1,,,Mexico,Central America,"Harsh environmental conditions / lack of adequate shelter, food, water",United States of America,US-Mexico border crossing,"Ranch close to El Indio, Maverick County, Texas,United States of America","28.49627374, -100.318227",Northern America,"Zócalo, Super Channel 12",https://archive.ph/lg0NQ,3,1011.081442
2024.MMP1237,2024.MMP1237,Incident,Caribbean,2024/9/22,2024,September,1,,1,,,,1,Haiti,Caribbean,Drowning,Dominica,,"Off the Coast of Penville, Saint Andrew Parrish, Dominica","15.63738006, -61.42312862",Uncategorized,Cayman Loop News,https://perma.cc/LJW7-QE7J,1,1203.344004
2024.MMP1238,2024.MMP12381289,Split Incident,Central America,2024/9/26,2024,September,1,,1,,,1,,Venezuela (Bolivarian Republic of),South America,Mixed or unknown,Mexico,,"Undetermined location in Tizayuca, Hidalgo, Mexico","19.86186661, -98.98000139",Central America,"La Prensa Tachira, El Pitazo",https://perma.cc/Z34P-FHJ8,1,3200
2024.MMP1259,2024.MMP1259,Incident,Central America,2024/10/1,2024,October,1,,1,,,1,,Venezuela (Bolivarian Republic of),South America,Violence,Mexico,US-Mexico border crossing,"Close to 20 de Noviembre and República de El Salvador streets, Ciudad Juarez, Chihuahua, Mexico","31.73309814, -106.4560113",Central America,El Diario MX,https://perma.cc/HRM7-YSWD,1,4695.742407
2024.MMP1261,2024.MMP1261,Incident,South America,2024/10/8,2024,October,1,,1,,1,,,Dominican Republic,Caribbean,"Harsh environmental conditions / lack of adequate shelter, food, water",Chile,,"Square in Center of Pisiga, Colchane, Tarapacá Region, Chile","-19.27607235, -68.62705339",South America,Soy Chile,https://perma.cc/57GL-CTPG,4,3300
2024.MMP1262,2024.MMP1262,Incident,South America,2024/8/19,2024,August,1,,1,,,1,,Colombia,South America,Violence,Chile,,"Near the Central Market in Santiago de Chile,Ismael Valdés Vergara 956, Santiago, Región Metropolitana, Chile","-33.43343141, -70.65079368",South America,Infobae,https://perma.cc/2W8M-6ESQ,1,4237.127912
2024.MMP1265,2024.MMP1265,Incident,North America,2024/10/8,2024,October,1,,1,1,,1,,Mexico,Central America,"Harsh environmental conditions / lack of adequate shelter, food, water",United States of America,US-Mexico border crossing,"Near milepost 346, Highway 92, near Bisbee, Cochise County, Arizona, United States of America","31.378391, -110.044024",Northern America,"Cochise County Sheriff's Office, Sierra Vista Live, 13 News, News 4 Tucson, https://perma.cc/L9ZH-VMC6, https://perma.cc/67FV-FS8G",https://perma.cc/9WAK-GL2R,5,1420
2024.MMP1303,2024.MMP1303,Incident,Central America,2024/10/8,2024,October,1,,1,,,1,,Cuba,Caribbean,Violence,Mexico,,"Xicohténcatl street, Santa Justina, Ecatepec, Tlaxcala, Mexico","19.30988724, -98.355016",Central America,"Cubita Now, Periodico Enfoque",https://perma.cc/Z2FP-RS7J,3,1711.440455
2024.MMP1305,2024.MMP1305,Incident,Central America,2024/10/13,2024,October,1,,1,,,1,,Honduras,Central America,Vehicle accident / death linked to hazardous transport,Mexico,,"Railroad tracks close to Estacion Viñedo, Gomez Palacio, Durango, Mexico","25.66498994, -103.4091907",Central America,El Sol de La Laguna,https://perma.cc/6Z38-TVU4,1,2125.070052
2024.MMP1306,2024.MMP1306,Incident,South America,2024/10/5,2024,October,1,,1,,1,,,Colombia,South America,Mixed or unknown,Peru,,"Chucuito Sector Police Station of Desaguadero (transborder area with Bolivia), Desaguadero, Peru","-16.56404377, -69.03957468",South America,"El Tiempo (Colombia),Infobae",https://perma.cc/T829-JZG4,3,2417.312979
2024.MMP1642,2024.MMP1642,Incident,Caribbean,2024/10/18,2024,October,1,,1,,,1,,Haiti,Caribbean,Violence,Dominican Republic,,"Undetermined location in Bavaró, Punta Cana, Dominican Republic","18.7242581, -68.48925516",Caribbean,"Diario Libre, Punta Cana Post",https://perma.cc/GDP2-HGQ4,3,403.0798047
2024.MMP1644,2024.MMP1644,Incident,Central America,2024/10/20,2024,October,1,,1,,,1,,Mexico,Central America,Drowning,Mexico,US-Mexico border crossing,"Rio Bravo near Ejido Madero del Rio, Jimenez, Coahuila, Mexico","29.24752344, -100.7993833",Central America,Zócalo,https://perma.cc/FU2Q-VEL7,3,1100.169145
2024.MMP1645,2024.MMP1645,Incident,North America,2024/10/17,2024,October,2,,2,,,1,1,Venezuela (Bolivarian Republic of),South America,Drowning,United States of America,US-Mexico border crossing,"Rio Bravo close to Del Rio, Val Verde County, Texas, United States of America","29.32694969, -100.9259707",Northern America,"El Nacional (Venezuela), El Pitazo",https://perma.cc/8JUP-YY97,3,4103.58679
2024.MMP1686,2024.MMP1686,Incident,Caribbean,2024/10/23,2024,October,3,,3,,1,2,,Dominican Republic,Caribbean,Drowning,Dominican Republic,Dominican Republic to Puerto Rico,"Off the Coast of Costa Esmeralda Beach, Miches Municipality, El Seibo Province, Dominican Republic","19.02152658, -68.97775438",Caribbean,"Diario Libre, El Nuevo Diario Dominicana, Noticias Sin",https://perma.cc/G6CR-QVGX,3,116.7047457
2024.MMP1687,2024.MMP1687,Incident,North America,2024/10/22,2024,October,2,,2,,1,1,,Mexico,Central America,Vehicle accident / death linked to hazardous transport,United States of America,US-Mexico border crossing,"On the CA-905 highway in Otay Mesa, San Diego, California, United States of America","32.56626801, -117.0044993",Northern America,"US Border Patrol, Infobae, Debate",https://perma.cc/92NW-WWV9,5,1400
2024.MMP1690,2024.MMP1690,Incident,North America,2024/10/27,2024,October,1,,1,,,1,,Mexico,Central America,Sickness / lack of access to adequate healthcare,United States of America,,"Northwest ICE Processing Center, 1623 E J St, Tacoma, Piece County, Washington 98421, United States of America","47.2492389, -122.4237844",Northern America,"U.S. Immigration and Customs Enforcement, The Seattle Times, KUOW, EVTV",https://perma.cc/EN3N-GEFP,5,1440
2024.MMP1691,2024.MMP1691,Incident,North America,2024/9/7,2024,September,1,,1,,1,,,Guatemala,Central America,Sickness / lack of access to adequate healthcare,United States of America,US-Mexico border crossing,"El Valle Detention Center, 1800 Industrial Dr, Raymondville, Willacy County, Texas, 78580, United States of America","26.4649516, -97.7476006",Northern America,U.S. Immigration and Customs Enforcement,https://perma.cc/3GY2-F3EZ,5,1510.824321
2024.MMP1693,2024.MMP1693,Incident,Central America,2024/11/2,2024,November,2,,2,6,1,1,,Colombia,South America,Violence,Mexico,US-Mexico border crossing,"Dirt road close of La Rumorosa wind farm,Ojo de Agua, Baja California,Mexico","32.50115412, -116.092805",Central America,"Secretaría de la Defensa Nacional, Border Report",https://perma.cc/QTQ8-HMVE,5,4400
2024.MMP1700,2024.MMP1700,Incident,Central America,2024/10/30,2024,October,1,,1,,,1,,Venezuela (Bolivarian Republic of),South America,Vehicle accident / death linked to hazardous transport,Mexico,,"Railroad tracks at undetermined location in Puebla,Puebla de Zaragoza, Mexico","19.07988606, -98.23716609",Central America,"Diario de los Andes, Primera Edicion ",https://perma.cc/E2MM-DFHF,3,3498.572629
2024.MMP1701,2024.MMP1701,Incident,Central America,2024/10/29,2024,October,1,,1,,,1,,Nicaragua,Central America,Violence,Mexico,,"Boulevard Juventino Rosas, Cuauhtemoc, 36310 San Francisco del Rincón,Guanajuato,Mexico","21.02893465, -101.8584381",Central America,"La Prensa Nicaragua, Canal 10",https://perma.cc/9RNY-5PB5,3,1932.386613
2024.MMP1702,2024.MMP1702,Incident,Central America,2024/11/3,2024,November,1,,1,,,1,,Honduras,Central America,Violence,Mexico,US-Mexico border crossing,"Close to Piedras Negras Neighnorhood (Ejido Piedras Negras), Piedras Negras, Coahuila, Mexico","28.75691534, -100.5324432",Central America,La Rancherita del Aire,https://perma.cc/F8N4-QKDF,1,2130.820189
2024.MMP1703,2024.MMP1703,Incident,Central America,2024/11/4,2024,November,1,,1,,1,,,Honduras,Central America,Sickness / lack of access to adequate healthcare,Mexico,,"Outside of Mexican Red Cross Tapachula, Tapachula, Chiapas,Mexico","14.90494691, -92.25822744",Central America,Nau,https://perma.cc/KLU5-Y8CH,1,553.8370227
2024.MMP1997,2024.MMP1997,Incident,North America,2024/11/13,2024,November,1,,1,,,1,,Honduras,Central America,Drowning,United States of America,US-Mexico border crossing,"Rio Bravo close to Shelby Park, Eagle Pass, Maverick County, United States of America","28.70887985, -100.5100352",Northern America,"Zócalo, La Rancherita del Aire",https://perma.cc/W9SJ-TWAQ,3,2125.436437
2024.MMP1999,2024.MMP1999,Incident,South America,2024/11/12,2024,November,1,,1,,,1,,Venezuela (Bolivarian Republic of),South America,Violence,Chile,,"Millaray Street in the Villa Arauco sector in El Olivar, Viña del Mar, Valparaiso, Chile","-33.0237705, -71.49099456",South America,Al Navio,https://perma.cc/FMX7-ASY7,1,4838.975465
2024.MMP2001,2024.MMP2001,Incident,South America,2024/11/19,2024,November,1,,1,,1,,,Venezuela (Bolivarian Republic of),South America,Mixed or unknown,Chile,,"Close to Bofedales de Pisiga-Carpa, Colchane, Tarapacá Region,Chile","-19.28641021, -68.60448338",South America,"El Sol de Iquique, Soy Chile",https://perma.cc/3ZC8-6FBM,4,3297.670195
2024.MMP2002,2024.MMP2002,Incident,Central America,2024/11/19,2024,November,1,,1,,,1,,Venezuela (Bolivarian Republic of),South America,Mixed or unknown,Mexico,,"Makeshift camp in Fracionamiento Las Vegas,Procasa, Los Naranjos, Tapachula, Chiapas, Mexico","14.88831761, -92.28201832",Central America,Noticias,https://perma.cc/L2BJ-JFV6,1,2797.542281
2024.MMP2018,2024.MMP2018,Incident,Central America,2024/11/20,2024,November,2,,2,,2,,,Cuba,Caribbean,Violence,Mexico,,"Highway that connects the Pumpuapan canton with Nueva Granada in the upper zone of Tapachula, Chiapas, Mexico","14.97738553, -92.27836795",Central America,"Diario del Sur, Cibercuba, Martí Noticias",https://archive.ph/TxCqS,3,1377.293531
2024.MMP2019,2024.MMP2019,Incident,Central America,2024/11/13,2024,November,1,,1,,,1,,Nicaragua,Central America,Violence,Mexico,,"Close to Parque Bicentenario, Tapachula, Chiapas, Mexico","14.9062481, -92.26336811",Central America,100% Noticias Nicaragua,https://perma.cc/2FEA-QQAN,1,719.2735684
2024.MMP2020,2024.MMP2020,Incident,Central America,2024/11/18,2024,November,1,,1,,,1,,Mexico,Central America,Violence,Mexico,,"Undetermined location in el Cardonal, Hidalgo, Estado de Mexico, Mexico","20.61247003, -99.11513783",Central America,"El Sol de Hidalgo, El Nuevo Gráfico",https://perma.cc/A92F-S6WB,3,130.6307103
2024.MMP2029,2024.MMP2029,Incident,Caribbean,2024/11/8,2024,November,4,24,28,,1,3,,Cuba,Caribbean,Drowning,Cuba,Caribbean to US,"Caribbean Sea close to Menendez Beach, Santa Clara Bay, Cuba","23.13250632, -80.77500629",Caribbean,"Cibercuba, El Toque, Cubita Now",https://acortar.link/6ZdIqC,3,163.0385725
2024.MMP2030,2024.MMP2030,Incident,Caribbean,2024/11/19,2024,November,2,15,17,,,2,,Cuba,Caribbean,Drowning,Mixed/Unknown,Caribbean to US,Internatonal Waters undeterminded location in Florida Straits,"24.09766736, -81.47197111",Caribbean,"Marti Noticias, Periodico Cubano,Cibercuba",https://perma.cc/S9WK-V89R,3,142.1783988
2024.MMP2032,2024.MMP2032,Incident,Central America,2024/10/27,2024,October,1,,1,,1,,,Nicaragua,Central America,Mixed or unknown,Mexico,US-Mexico border crossing,"Undetermined location in the transborder area of Tijuana, Mexico","32.57138763, -116.6797714",Central America,100% Noticias Nicaragua,https://perma.cc/34Z4-4JBK,1,3840.864018
2024.MMP2062,2024.MMP2062,Incident,Central America,2024/12/15,2024,December,1,,1,1,,1,,Venezuela (Bolivarian Republic of),South America,Vehicle accident / death linked to hazardous transport,Mexico,,"On train tracks near Hamburgo neighborhood, Gomez Palacio, Durango, Mexico","25.59353, -103.505735",Central America,"Milenio, El Siglo Detorreon, El Siglo de Durango",https://perma.cc/P9GY-YBP4,3,4201.369541
2024.MMP2069,2024.MMP2069,Incident,North America,2024/12/19,2024,December,1,,1,,,,,Mexico,Central America,Drowning,United States of America,US-Mexico border crossing,"1 mile south of Seacoast Drive, Imperial Beach, San Diego, San Diego County, California, United States of America","32.556853, -117.12997",Northern America,"Telemundo20, NBC San Diego",https://perma.cc/Z5UX-KDAL,3,1400
